Source,SS,df,MS,F,Prob>F
Groups,0.00295,1,0.00295,25.88,1.01E-05
Error,0.00433,38,0.00011,,
Total,0.00727,39,,,
