Source,SS,df,MS,F,Prob>F
Groups,1.15861,1,1.15861,15.79,0.0003
Error,2.78901,38,0.07339,,
Total,3.94762,39,,,
