Source,SS,df,MS,F,Prob>F
Groups,0.00166,1,0.00166,0.52,0.4741
Error,0.12101,38,0.00318,,
Total,0.12268,39,,,
