Source,SS,df,MS,F,Prob>F
Groups,0.00336,1,0.00336,26.84,7.53E-06
Error,0.00475,38,0.00013,,
Total,0.00811,39,,,
