page (ascending by rating),1,2,3,4,5,6,7,8,9,10
relative VAE,1.122147933,1.121922615,1.136932559,1.104922439,1.125425,1.128557041,1.122636699,1.105700688,1.105569981,1.119392291
page,11,12,13,14,15,16,17,18,19,20
relative VAE,1.109754448,1.111687066,1.120386003,1.098729306,1.12130028,1.108645233,1.114731008,1.118768055,1.09443465,1.111284841
page,21,22,23,24,25,26,27,28,29,30
relative VAE,1.087765358,1.091004614,1.099855492,1.124563613,1.10371812,1.089043113,1.088976701,1.108534417,1.112434155,1.101178813
page,31,32,33,34,35,36,37,38,39,40
relative VAE,1.10033517,1.073242249,1.100362116,1.101405345,1.095625516,1.09279691,1.08860589,1.103708904,1.103715392,1.09277317
