page (ascending by rating),1,2,3,4,5,6,7,8,9,10
rating score,0,0,0,0,0,0,0.032258065,0.032258065,0.032258065,0.032258065
page,11,12,13,14,15,16,17,18,19,20
rating score,0.033333333,0.033333333,0.033333333,0.064516129,0.064516129,0.066666667,0.096774194,0.1,0.129032258,0.193548387
page,21,22,23,24,25,26,27,28,29,30
rating score,0.612903226,0.64516129,0.677419355,0.7,0.709677419,0.766666667,0.806451613,0.838709677,0.866666667,0.870967742
page,31,32,33,34,35,36,37,38,39,40
rating score,0.935483871,0.935483871,0.935483871,0.966666667,0.966666667,0.967741935,0.967741935,1,1,1
