AOI,P
1,0.016666667
2,0.077777778
3,0.138888889
4,0.15
5,0.016666667
6,0.033333333
7,0.205555556
8,0.127777778
9,0.061111111
10,0.038888889
11,0.133333333
